{
  "config_version": 4,
  "loadbuiltin": true,
  "quark": false,
  "dark": false,
  "oldChooseWheel": false,
  "perspective": true,
  "default3rdPersonFront": false,
  "showicon": true,
  "enableNSFW": false,
  "alwaysOpenScreen": false,
  "debug": true,
  "validate": false,
  "validationThreshold": 8.0,
  "emotesFolderOnLogicalServer": false,
  "emotesDirectory": "emotes",
  "autoFixEmoteStop": true,
  "alwaysValidateEmote": false,
  "playersafety": true,
  "stopthreshold": 0.04,
  "yratio": 0.75,
  "showHiddenConfig": false,
  "neverRemoveBadIcon": false,
  "exportBuiltin": false,
  "hideWarning": false,
  "fastmenu": {
    "0": {
      "0": "364716b5-0000-0000-0000-000000000000",
      "1": "931b2bda-a25e-4e55-957a-88c46f5e9a7b",
      "2": "461224e6-6215-41a6-8e45-17a7df2a4599",
      "3": "d37c7498-0000-0000-0000-000000000000",
      "4": "33651cac-84f2-4a35-bd90-a66ede634d81",
      "5": "dce616d8-809a-4b39-8648-f6d433f338b8",
      "6": "02da2b2e-d48e-47fd-a485-aa2c6fb78b6a",
      "7": "e401990a-2753-44d3-b878-58161d31f120"
    },
    "1": {
      "4": "33b912f8-0aa0-45e6-a2d4-9b5677e6f35c"
    }
  },
  "keys": {}
}